<addon
    id="plugin.video.mylatele"
    name="La Tele"
    version="1.0.0"
    provider-name="Tu Nombre">
    <requires>
        <import addon="xbmc.python" version="3.0.0"/>
    </requires>
    <extension point="xbmc.python.pluginsource" library="addon.py">
        <provides>video</provides>
    </extension>
    <extension point="xbmc.addon.metadata">
        <summary>Accede a La Tele</summary>
        <description>Addon para acceder al contenido de La Tele.</description>
        <platform>all</platform>
        <language>en</language>
        <icon>icon.png</icon>
        <fanart>fanart.jpg</fanart>
    </extension>
</addon>
